{"cameraMode":{"drawMode":0,"name":"Shaded","section":"Shading Mode"},"sceneLighting":false,"audioPlay":false,"sceneViewState":{"m_AlwaysRefresh":false,"showFog":true,"showSkybox":false,"showFlares":true,"showImageEffects":true,"showParticleSystems":true,"showVisualEffectGraphs":true,"m_FxEnabled":true},"in2DMode":false,"pivot":{"x":0.3129867911338806,"y":0.5499999523162842,"z":-3.455047607421875},"rotation":{"x":0.04260268062353134,"y":-0.9091277122497559,"z":0.0960952565073967,"w":0.40304166078567507},"size":0.8660253882408142,"orthographic":false}